Fiber Volume Fraction,Load (N),Ply1 Angle,Ply2 Angle,Ply3 Angle,Ply4 Angle,Ply5 Angle,Ply6 Angle,Total Deformation Maximum [mm],Equivalent Stress Maximum [MPa],Equivalent Elastic Strain Maximum [mm mm^-1],Inverse Reserve Factor Maximum
0.59,9078,0,0,90,90,0,0,3.023,130.41,0.003307,0.195
0.54,7612,0,45,-45,90,-45,45,2.434,131.64,0.002653,0.201
0.56,7501,90,0,45,-45,0,90,2.483,116.61,0.002761,0.183
0.53,3029,0,45,-45,90,-45,45,0.935,54.84,0.001037,0.083
0.57,8927,0,30,-30,-30,30,0,2.795,138.16,0.003074,0.216
0.55,3622,0,60,-60,-60,60,0,1.096,59.58,0.00122,0.093
0.59,5360,0,30,60,-60,-30,0,1.569,85.7,0.001772,0.134
0.52,1285,0,30,60,-60,-30,0,0.436,21.34,0.000483,0.033
0.57,6207,90,0,45,-45,0,90,1.991,95.89,0.00218,0.148
0.46,6014,0,45,-45,90,-45,45,2.211,123.87,0.002503,0.195
0.58,2334,0,0,90,90,0,0,0.754,32.34,0.000825,0.049
0.63,6146,90,45,0,0,45,90,1.68,87.95,0.001869,0.138
0.46,9348,45,45,-45,-45,45,45,3.578,175.93,0.004044,0.277
0.53,7327,0,0,90,90,0,0,2.672,116.11,0.003008,0.177
0.56,3953,0,30,-30,-30,30,0,1.269,62.43,0.001392,0.097
0.53,5885,45,-45,45,-45,45,-45,1.837,105.97,0.002081,0.166
0.54,4239,45,45,-45,-45,45,45,1.409,69.43,0.00159,0.109
0.46,2874,0,60,-60,-60,60,0,1.129,54.36,0.00125,0.085
0.65,3342,0,30,-30,-30,30,0,0.927,43.53,0.001013,0.065
0.5,9253,0,45,-45,-45,45,0,3.167,171.84,0.00354,0.266
0.61,2164,0,45,-45,90,-45,45,0.594,32.84,0.000656,0.05
0.55,6017,90,45,0,0,45,90,1.994,96.13,0.002201,0.147
0.48,3328,0,15,-15,-15,15,0,1.269,59.49,0.001386,0.091
0.61,7629,0,15,-15,-15,15,0,2.148,116.32,0.002351,0.18
0.44,2405,45,45,-45,-45,45,45,0.893,50.81,0.000984,0.079
0.55,1400,0,45,-45,-45,45,0,0.428,23.7,0.000473,0.037
0.51,5529,0,0,90,90,0,0,2.127,88.45,0.002397,0.134
0.45,6619,0,0,90,90,0,0,2.778,120.6,0.003096,0.191
0.54,6034,0,15,-15,-15,15,0,1.835,105.52,0.002038,0.165
0.56,2939,0,30,-30,-30,30,0,0.956,44.72,0.001057,0.067
0.63,3887,0,30,60,-60,-30,0,1.119,54.12,0.001251,0.083
0.46,6221,0,0,90,90,0,0,2.585,109.78,0.002875,0.166
0.6,8532,0,0,90,90,0,0,2.676,116.12,0.002965,0.176
0.42,4796,90,45,0,0,45,90,1.975,105.44,0.002214,0.161
0.49,6727,0,30,-30,-30,30,0,2.434,125.27,0.002681,0.191
0.47,3680,45,-45,45,-45,45,-45,1.3,75.88,0.001473,0.118
0.56,2407,0,60,-60,-60,60,0,0.737,39.55,0.000828,0.061
0.58,1358,0,0,90,90,0,0,0.452,19.23,0.000496,0.03
0.49,9221,0,60,-60,-60,60,0,3.31,174.48,0.003671,0.262
0.51,9369,45,-45,45,-45,45,-45,2.952,181.55,0.003241,0.274
0.63,2432,0,0,90,90,0,0,0.755,31.91,0.000854,0.05
0.41,2460,90,0,45,-45,0,90,1.063,51.7,0.001174,0.079
0.53,7954,0,30,60,-60,-30,0,2.611,135.0,0.002906,0.212
0.65,5901,45,45,-45,-45,45,45,1.662,80.41,0.001883,0.127
0.56,3360,0,30,-30,-30,30,0,1.046,52.79,0.00118,0.083
0.45,4267,0,60,-60,-60,60,0,1.675,82.69,0.001831,0.128
0.49,9762,0,60,-60,-60,60,0,3.55,176.44,0.003875,0.276
0.62,4525,0,30,-30,-30,30,0,1.314,61.29,0.001455,0.095
0.53,6283,90,45,0,0,45,90,2.138,101.65,0.002399,0.155
0.47,1793,45,45,-45,-45,45,45,0.695,34.29,0.000764,0.052
0.61,4620,90,0,45,-45,0,90,1.344,66.78,0.001494,0.104
0.49,9214,0,45,-45,90,-45,45,3.151,176.62,0.003453,0.279
0.44,8812,0,90,90,90,90,0,3.863,167.61,0.00431,0.257
0.49,8524,45,45,-45,-45,45,45,3.035,158.53,0.003431,0.242
0.5,1379,0,45,-45,90,-45,45,0.453,26.14,0.000497,0.041
0.57,2332,0,60,-60,-60,60,0,0.735,35.58,0.000828,0.056
0.58,5405,0,30,-30,-30,30,0,1.68,81.72,0.001896,0.127
0.42,9219,45,-45,45,-45,45,-45,3.653,210.05,0.004083,0.314
0.65,6483,0,90,90,90,90,0,1.858,81.01,0.002033,0.122
0.55,7930,45,45,-45,-45,45,45,2.521,127.37,0.002816,0.191
0.53,1029,0,60,-60,-60,60,0,0.347,17.23,0.00038,0.026
0.58,6581,90,45,0,0,45,90,2.008,101.26,0.002195,0.154
0.52,8707,45,45,-45,-45,45,45,2.92,151.23,0.003201,0.229
0.49,1529,0,0,90,90,0,0,0.591,25.58,0.000661,0.039
0.58,1215,0,30,60,-60,-30,0,0.353,19.32,0.000389,0.03
0.47,8458,0,0,90,90,0,0,3.515,145.52,0.003829,0.219
0.55,3970,0,90,90,90,90,0,1.382,59.87,0.001541,0.09
0.47,9596,0,30,60,-60,-30,0,3.615,181.85,0.004084,0.279
0.44,3847,0,45,-45,90,-45,45,1.436,81.98,0.001567,0.127
0.54,6413,45,45,-45,-45,45,45,2.018,111.7,0.002205,0.17
0.41,8379,0,30,-30,-30,30,0,3.474,192.06,0.003833,0.303
0.58,9145,0,15,-15,-15,15,0,2.781,136.09,0.003092,0.207
0.48,8340,0,45,-45,-45,45,0,3.009,160.03,0.003341,0.24
0.45,3350,0,30,-30,-30,30,0,1.242,69.56,0.001369,0.11
0.64,6605,45,45,-45,-45,45,45,1.702,94.05,0.001899,0.141
0.62,9890,45,45,-45,-45,45,45,2.848,139.77,0.003217,0.217
0.54,9243,0,0,90,90,0,0,3.353,142.65,0.003657,0.215
0.54,1856,0,30,-30,-30,30,0,0.633,29.45,0.000696,0.044
0.64,1138,90,45,0,0,45,90,0.321,15.88,0.000358,0.025
0.63,6930,45,-45,45,-45,45,-45,1.829,104.81,0.002026,0.162
0.56,4255,0,15,-15,-15,15,0,1.31,71.19,0.001439,0.106
0.46,4192,90,45,0,0,45,90,1.555,80.32,0.001715,0.125
0.41,7659,0,60,-60,-60,60,0,3.122,170.27,0.003535,0.26
0.41,3040,0,0,90,90,0,0,1.446,62.0,0.001586,0.093
0.61,3607,0,30,60,-60,-30,0,1.047,53.24,0.001181,0.081
0.57,6456,90,45,0,0,45,90,2.002,98.55,0.002252,0.155
0.58,9361,0,45,-45,90,-45,45,2.65,151.27,0.002939,0.232
0.64,2775,0,45,-45,90,-45,45,0.717,40.85,0.000801,0.065
0.65,4317,90,0,45,-45,0,90,1.22,59.0,0.001353,0.09
0.58,4185,90,45,0,0,45,90,1.299,63.31,0.001427,0.098
0.41,8237,0,30,60,-60,-30,0,3.76,174.46,0.004208,0.272
0.63,4176,0,45,-45,-45,45,0,1.145,60.48,0.001255,0.091
0.47,5858,0,45,-45,-45,45,0,2.148,113.99,0.0024,0.172
0.59,9197,0,60,-60,-60,60,0,2.836,142.01,0.003143,0.221
0.51,8685,0,0,90,90,0,0,3.207,144.23,0.003548,0.223
0.47,1061,0,30,-30,-30,30,0,0.408,19.91,0.000445,0.03
0.65,4473,90,45,0,0,45,90,1.249,59.25,0.001374,0.088
0.59,4489,0,15,-15,-15,15,0,1.308,69.27,0.001438,0.104
0.46,9016,0,30,60,-60,-30,0,3.568,173.75,0.004007,0.261
0.56,5961,0,60,-60,-60,60,0,1.87,92.74,0.002038,0.142
0.62,9575,0,60,-60,-60,60,0,2.813,137.34,0.003128,0.21
0.59,7271,0,15,-15,-15,15,0,2.076,113.27,0.002311,0.173
0.59,9577,0,45,-45,-45,45,0,2.938,146.88,0.003261,0.229
0.47,9297,45,-45,45,-45,45,-45,3.128,194.35,0.003433,0.293
0.63,6320,0,30,-30,-30,30,0,1.715,95.2,0.001909,0.144
0.4,2404,90,0,45,-45,0,90,1.025,55.03,0.001148,0.084
0.6,3087,0,45,-45,-45,45,0,0.896,46.62,0.000993,0.072
0.54,3096,0,0,90,90,0,0,1.115,45.95,0.001219,0.071
0.53,7607,0,30,-30,-30,30,0,2.536,128.21,0.002867,0.192
0.59,9569,45,45,-45,-45,45,45,2.79,149.7,0.00313,0.227
0.43,4666,0,30,60,-60,-30,0,1.99,95.77,0.002176,0.143
0.64,5668,45,-45,45,-45,45,-45,1.475,83.69,0.001609,0.128
0.55,7502,0,90,90,90,90,0,2.654,114.49,0.003,0.172
0.54,5938,90,45,0,0,45,90,1.804,103.23,0.001988,0.159
0.61,3130,90,0,45,-45,0,90,0.888,44.62,0.000995,0.07
0.4,1319,45,-45,45,-45,45,-45,0.538,32.17,0.000597,0.05
0.6,5262,0,90,90,90,90,0,1.69,71.97,0.001879,0.109
0.44,9878,0,15,-15,-15,15,0,4.025,197.42,0.00448,0.3
0.5,8648,45,-45,45,-45,45,-45,2.716,167.04,0.003019,0.257
0.44,4329,0,15,-15,-15,15,0,1.698,89.48,0.001919,0.142
0.51,7921,0,0,90,90,0,0,2.922,125.06,0.003192,0.197
0.56,4335,45,45,-45,-45,45,45,1.358,70.05,0.001502,0.107
0.59,4242,0,60,-60,-60,60,0,1.264,64.04,0.001404,0.096
0.61,3809,0,90,90,90,90,0,1.166,53.12,0.001306,0.082
0.49,7703,0,0,90,90,0,0,3.025,126.59,0.003406,0.195
0.57,4938,0,45,-45,-45,45,0,1.518,76.18,0.001694,0.12
0.45,2843,0,45,-45,90,-45,45,1.082,57.79,0.001205,0.088
0.56,4115,0,45,-45,90,-45,45,1.257,68.26,0.001387,0.104
0.53,8787,0,30,60,-60,-30,0,3.075,146.81,0.003411,0.227
0.56,4282,0,0,90,90,0,0,1.466,63.82,0.001629,0.099
0.55,7813,0,45,-45,90,-45,45,2.41,131.26,0.002683,0.197
0.56,3116,0,15,-15,-15,15,0,0.943,52.25,0.001042,0.081
0.4,4948,0,60,-60,-60,60,0,2.086,111.0,0.002332,0.175
0.64,6496,0,45,-45,-45,45,0,1.782,92.98,0.001993,0.14
0.46,4825,0,30,-30,-30,30,0,1.742,98.27,0.001965,0.149
0.57,7685,0,45,-45,90,-45,45,2.25,129.89,0.002478,0.197
0.65,9243,0,0,90,90,0,0,2.73,114.29,0.003067,0.176
0.52,7078,0,45,-45,-45,45,0,2.419,125.79,0.002719,0.199
0.61,8464,90,45,0,0,45,90,2.44,125.88,0.002762,0.199
0.4,8584,0,15,-15,-15,15,0,3.906,189.13,0.004301,0.299
0.46,7726,0,30,60,-60,-30,0,2.788,161.79,0.003147,0.25
0.57,2419,0,15,-15,-15,15,0,0.776,37.72,0.000862,0.06
0.51,5100,0,90,90,90,90,0,1.885,81.0,0.002081,0.124
0.63,9660,45,-45,45,-45,45,-45,2.535,148.5,0.00286,0.224
0.47,5300,0,30,60,-60,-30,0,2.057,98.95,0.00232,0.156
0.53,9897,0,0,90,90,0,0,3.503,152.48,0.003833,0.229
0.57,2972,45,-45,45,-45,45,-45,0.848,52.29,0.000946,0.081
0.58,9069,0,30,-30,-30,30,0,2.638,143.6,0.002973,0.226
0.55,7868,45,-45,45,-45,45,-45,2.357,136.13,0.00262,0.206
0.55,3478,0,90,90,90,90,0,1.181,51.79,0.001297,0.079
0.42,5349,0,90,90,90,90,0,2.479,103.19,0.002707,0.161
0.58,9213,0,60,-60,-60,60,0,2.966,137.39,0.003354,0.212
0.42,1342,45,-45,45,-45,45,-45,0.516,30.84,0.000567,0.049
0.42,3803,90,45,0,0,45,90,1.567,80.14,0.001721,0.122
0.44,5620,0,30,-30,-30,30,0,2.29,113.24,0.002516,0.173
0.46,2298,45,45,-45,-45,45,45,0.865,44.36,0.000967,0.069
0.5,7125,0,90,90,90,90,0,2.702,121.21,0.00297,0.188
0.42,5776,0,90,90,90,90,0,2.668,112.58,0.002928,0.175
0.51,6083,0,60,-60,-60,60,0,2.088,102.88,0.002299,0.159
0.48,6227,90,45,0,0,45,90,2.243,116.74,0.00249,0.184
0.58,3856,0,45,-45,-45,45,0,1.24,57.36,0.001389,0.086
0.48,5442,0,90,90,90,90,0,2.202,93.51,0.002474,0.144
0.62,4936,45,-45,45,-45,45,-45,1.282,78.59,0.001419,0.122
0.41,1888,90,45,0,0,45,90,0.861,40.96,0.000972,0.062
0.57,5490,0,30,60,-60,-30,0,1.672,85.98,0.00186,0.128
0.53,5529,0,30,60,-60,-30,0,1.822,90.45,0.001991,0.138
0.41,3316,0,30,-30,-30,30,0,1.446,73.75,0.001596,0.112
0.57,9165,90,0,45,-45,0,90,2.959,141.91,0.003308,0.215
0.43,5753,0,45,-45,90,-45,45,2.213,128.81,0.002414,0.204
0.47,6370,0,30,60,-60,-30,0,2.297,120.85,0.002516,0.189
0.61,3214,0,45,-45,90,-45,45,0.875,49.28,0.000973,0.075
0.51,3031,0,15,-15,-15,15,0,1.053,52.05,0.001161,0.08
0.49,3609,0,15,-15,-15,15,0,1.304,68.14,0.001438,0.107
0.48,1663,0,30,-30,-30,30,0,0.61,30.97,0.000674,0.046
0.64,5724,0,0,90,90,0,0,1.686,74.72,0.001885,0.116
0.65,2777,0,15,-15,-15,15,0,0.764,37.17,0.000859,0.057
0.47,4092,45,45,-45,-45,45,45,1.527,75.13,0.00169,0.116
0.63,9725,90,0,45,-45,0,90,2.842,131.92,0.003158,0.199
0.5,9478,0,45,-45,-45,45,0,3.244,172.22,0.003617,0.268
0.54,9736,0,15,-15,-15,15,0,3.063,171.16,0.003373,0.265
0.54,7190,45,-45,45,-45,45,-45,2.134,133.24,0.002414,0.202
0.41,6486,0,30,60,-60,-30,0,2.852,138.55,0.003198,0.208
0.59,6187,0,30,60,-60,-30,0,1.866,92.6,0.00211,0.14
0.44,8981,0,60,-60,-60,60,0,3.49,186.33,0.003863,0.287
0.64,1659,0,45,-45,90,-45,45,0.424,24.65,0.000474,0.038
0.42,4751,0,15,-15,-15,15,0,2.069,99.97,0.002253,0.15
0.4,3444,0,30,60,-60,-30,0,1.493,79.45,0.00164,0.119
0.54,9602,0,60,-60,-60,60,0,3.105,161.01,0.003482,0.243
0.57,6426,0,45,-45,90,-45,45,1.945,105.84,0.002134,0.166
0.41,2778,90,45,0,0,45,90,1.147,60.84,0.00128,0.091
0.4,5290,0,45,-45,90,-45,45,2.164,125.19,0.00237,0.192
0.59,4625,0,30,60,-60,-30,0,1.429,68.76,0.001592,0.105
0.6,6508,0,15,-15,-15,15,0,1.864,98.05,0.002111,0.155
0.58,9349,0,90,90,90,90,0,2.991,129.42,0.003371,0.204
0.56,6814,45,-45,45,-45,45,-45,2.014,117.71,0.002213,0.185
0.46,6099,0,15,-15,-15,15,0,2.313,118.22,0.002585,0.184
0.49,3803,0,90,90,90,90,0,1.469,62.52,0.001614,0.096
0.51,8985,0,15,-15,-15,15,0,3.059,168.97,0.003431,0.263
0.5,2808,0,60,-60,-60,60,0,0.971,52.03,0.001072,0.08
0.4,2785,90,45,0,0,45,90,1.147,66.66,0.001267,0.101
0.55,7034,0,45,-45,90,-45,45,2.133,119.57,0.00241,0.184
0.53,6635,0,30,-30,-30,30,0,2.195,112.63,0.002484,0.177
0.55,7959,0,30,60,-60,-30,0,2.52,125.06,0.002818,0.188
0.4,2104,45,45,-45,-45,45,45,0.951,46.6,0.00106,0.07
0.55,9944,0,90,90,90,90,0,3.539,149.07,0.003936,0.223
0.59,4921,45,-45,45,-45,45,-45,1.329,81.9,0.001495,0.122
0.61,5939,45,45,-45,-45,45,45,1.702,88.52,0.001861,0.138
0.61,2749,0,45,-45,-45,45,0,0.796,38.67,0.000891,0.059
0.62,9630,45,-45,45,-45,45,-45,2.573,153.51,0.002865,0.232
0.54,6987,90,45,0,0,45,90,2.161,122.37,0.002374,0.186
0.49,6075,45,-45,45,-45,45,-45,1.948,124.07,0.002136,0.195
0.55,2606,0,15,-15,-15,15,0,0.864,41.83,0.000961,0.066
0.57,4518,0,90,90,90,90,0,1.525,64.12,0.001704,0.099
0.61,2971,0,45,-45,-45,45,0,0.887,42.78,0.000995,0.064
0.59,2742,0,90,90,90,90,0,0.898,37.87,0.001011,0.059
0.6,1909,90,45,0,0,45,90,0.561,28.74,0.000635,0.044
0.58,4095,0,45,-45,-45,45,0,1.219,64.6,0.001375,0.098
0.44,6546,0,0,90,90,0,0,2.875,121.45,0.00314,0.192
0.61,3966,45,45,-45,-45,45,45,1.149,60.77,0.001252,0.094
0.52,6981,0,45,-45,-45,45,0,2.358,117.97,0.002665,0.182
0.45,4207,0,45,-45,90,-45,45,1.569,89.48,0.001775,0.137
0.63,5913,0,30,-30,-30,30,0,1.67,83.04,0.001847,0.128
0.57,4805,90,0,45,-45,0,90,1.439,77.37,0.001587,0.122
0.51,3084,0,45,-45,90,-45,45,1.006,55.18,0.00113,0.086
0.49,3057,0,30,60,-60,-30,0,1.087,54.68,0.001194,0.083
0.54,5535,0,30,60,-60,-30,0,1.878,86.02,0.002112,0.131
0.59,5884,0,45,-45,90,-45,45,1.673,94.66,0.001876,0.148
0.54,8121,0,0,90,90,0,0,2.937,124.85,0.00328,0.188
0.61,6647,45,45,-45,-45,45,45,1.911,103.2,0.002113,0.16
0.63,9527,90,45,0,0,45,90,2.553,142.33,0.002804,0.219
0.49,4896,0,30,-30,-30,30,0,1.746,91.33,0.00193,0.142
0.55,5178,90,0,45,-45,0,90,1.655,84.49,0.001854,0.133
0.4,4100,0,30,-30,-30,30,0,1.733,97.22,0.00196,0.149
0.59,2701,0,30,-30,-30,30,0,0.804,41.69,0.000888,0.064
0.57,2799,0,90,90,90,90,0,0.941,40.84,0.00104,0.064
0.48,1613,90,0,45,-45,0,90,0.595,30.96,0.00066,0.048
0.54,8726,0,45,-45,-45,45,0,2.897,142.6,0.003188,0.213
0.55,8124,45,-45,45,-45,45,-45,2.403,141.92,0.002634,0.216
0.42,9854,0,45,-45,-45,45,0,4.285,203.09,0.004738,0.313
0.62,6620,45,45,-45,-45,45,45,1.837,100.22,0.002041,0.156
0.42,5471,0,30,-30,-30,30,0,2.273,115.99,0.002566,0.179
0.55,8588,0,30,-30,-30,30,0,2.799,138.06,0.003054,0.215
0.56,2492,0,0,90,90,0,0,0.84,37.45,0.00093,0.059
0.55,5984,0,45,-45,-45,45,0,1.95,93.16,0.002165,0.139
0.46,1845,0,60,-60,-60,60,0,0.67,36.81,0.000731,0.055
0.42,5204,45,-45,45,-45,45,-45,2.012,122.82,0.002224,0.192
0.53,4382,0,0,90,90,0,0,1.612,68.76,0.001824,0.105
0.43,7376,90,45,0,0,45,90,3.002,155.38,0.0033,0.242
0.6,1355,45,-45,45,-45,45,-45,0.356,22.03,0.000396,0.034
0.54,4681,0,60,-60,-60,60,0,1.435,80.67,0.001618,0.124
0.62,9684,0,45,-45,-45,45,0,2.903,133.73,0.003226,0.204
0.6,1910,45,-45,45,-45,45,-45,0.52,31.71,0.00057,0.05
0.6,1184,0,90,90,90,90,0,0.377,16.27,0.000412,0.026
0.45,5481,90,45,0,0,45,90,2.178,106.67,0.002448,0.168
0.46,2593,0,30,-30,-30,30,0,1.005,48.41,0.001114,0.074
0.45,6382,0,15,-15,-15,15,0,2.597,122.22,0.002914,0.192
0.45,9147,90,45,0,0,45,90,3.431,188.31,0.003743,0.292
0.43,9029,45,45,-45,-45,45,45,3.593,188.52,0.00395,0.287
0.64,2371,90,0,45,-45,0,90,0.65,32.17,0.000722,0.048
0.51,2189,45,-45,45,-45,45,-45,0.682,41.6,0.000754,0.064
0.56,5774,90,0,45,-45,0,90,1.827,93.57,0.002,0.146
0.46,4142,0,30,60,-60,-30,0,1.522,82.71,0.001713,0.128
0.53,2310,90,45,0,0,45,90,0.799,36.95,0.000887,0.058
0.63,1272,0,45,-45,90,-45,45,0.336,18.49,0.00038,0.028
0.49,4041,90,45,0,0,45,90,1.42,76.88,0.001548,0.115
0.55,3853,0,15,-15,-15,15,0,1.295,62.15,0.001417,0.095
0.43,2426,0,45,-45,-45,45,0,0.978,52.65,0.001082,0.082
0.49,9328,0,45,-45,90,-45,45,3.164,183.09,0.003573,0.273
0.61,5867,0,15,-15,-15,15,0,1.698,90.79,0.001853,0.138
0.48,6880,0,30,-30,-30,30,0,2.44,136.53,0.002764,0.214
0.4,6823,0,45,-45,-45,45,0,3.133,147.95,0.003493,0.226
0.57,9040,0,90,90,90,90,0,3.0,130.92,0.003302,0.196
0.41,3713,0,0,90,90,0,0,1.776,76.36,0.00196,0.115
0.47,6019,90,0,45,-45,0,90,2.147,119.05,0.002387,0.182
0.55,1041,0,45,-45,90,-45,45,0.316,17.38,0.000347,0.026
0.42,8106,0,15,-15,-15,15,0,3.458,174.32,0.003855,0.272
0.45,7905,90,45,0,0,45,90,3.021,161.48,0.00334,0.254
0.59,1118,0,90,90,90,90,0,0.351,15.7,0.000395,0.024
0.6,2157,0,45,-45,-45,45,0,0.62,32.31,0.000687,0.048
0.43,5905,0,90,90,90,90,0,2.618,114.28,0.002951,0.181
0.6,2268,90,45,0,0,45,90,0.683,33.01,0.000766,0.05
0.48,2075,45,-45,45,-45,45,-45,0.682,40.97,0.000764,0.064
0.41,6180,0,15,-15,-15,15,0,2.693,134.19,0.003025,0.205
0.56,1241,90,45,0,0,45,90,0.396,20.35,0.000445,0.031
0.49,7102,90,45,0,0,45,90,2.561,132.79,0.002828,0.208
0.53,9038,45,-45,45,-45,45,-45,2.701,168.01,0.003031,0.264
0.63,7276,0,60,-60,-60,60,0,1.98,103.2,0.002214,0.155
0.64,5353,0,45,-45,90,-45,45,1.383,79.61,0.001535,0.124
0.54,7861,45,45,-45,-45,45,45,2.429,138.13,0.002743,0.209
0.62,5033,90,0,45,-45,0,90,1.492,70.71,0.001688,0.107
0.47,8304,0,90,90,90,90,0,3.422,142.24,0.00374,0.224
0.41,6858,0,45,-45,-45,45,0,3.078,145.64,0.003458,0.23
0.43,8751,90,45,0,0,45,90,3.833,170.79,0.004252,0.264
0.63,5739,0,60,-60,-60,60,0,1.584,86.48,0.001767,0.135
0.41,5192,90,45,0,0,45,90,2.247,108.33,0.002532,0.163
0.5,7964,0,60,-60,-60,60,0,2.742,143.0,0.003046,0.223
0.41,8896,90,0,45,-45,0,90,3.766,206.39,0.004194,0.31
0.64,6780,0,30,60,-60,-30,0,1.916,94.31,0.002154,0.144
0.65,9927,0,90,90,90,90,0,2.996,127.43,0.003392,0.201
0.47,5331,0,15,-15,-15,15,0,2.027,97.64,0.002254,0.151
0.49,7176,0,0,90,90,0,0,2.759,122.06,0.003074,0.191
0.45,3897,45,-45,45,-45,45,-45,1.413,83.86,0.001547,0.127
0.41,9611,0,30,-30,-30,30,0,4.179,205.19,0.004693,0.325
0.42,1517,0,30,-30,-30,30,0,0.631,32.83,0.000712,0.05
0.4,9785,0,45,-45,90,-45,45,4.001,229.08,0.00445,0.345
0.5,4630,45,45,-45,-45,45,45,1.551,86.54,0.001714,0.13
0.63,1122,45,-45,45,-45,45,-45,0.286,17.32,0.000316,0.026
0.48,2254,0,30,60,-60,-30,0,0.836,42.93,0.000947,0.064
0.51,3774,90,45,0,0,45,90,1.248,68.14,0.001364,0.107
0.55,2075,0,45,-45,-45,45,0,0.708,32.51,0.000796,0.049
0.62,4046,90,0,45,-45,0,90,1.227,54.92,0.001367,0.085
0.54,5879,0,15,-15,-15,15,0,1.963,99.21,0.002221,0.152
0.55,2012,0,0,90,90,0,0,0.687,30.04,0.000754,0.047
0.45,6286,0,45,-45,-45,45,0,2.415,129.28,0.002666,0.202
0.64,5127,90,45,0,0,45,90,1.362,72.41,0.001498,0.111
0.41,1491,45,45,-45,-45,45,45,0.606,33.13,0.000663,0.051
0.54,4988,45,45,-45,-45,45,45,1.552,84.15,0.001731,0.13
0.56,3125,0,60,-60,-60,60,0,1.023,47.95,0.001152,0.073
0.62,5068,0,15,-15,-15,15,0,1.474,71.2,0.00167,0.109
0.5,5731,45,45,-45,-45,45,45,1.997,103.58,0.002216,0.164
0.44,9491,0,60,-60,-60,60,0,3.921,184.66,0.004409,0.277
0.57,2043,45,-45,45,-45,45,-45,0.595,34.73,0.000657,0.052
0.63,2384,0,60,-60,-60,60,0,0.663,33.64,0.000743,0.051
0.45,5704,45,-45,45,-45,45,-45,2.01,124.1,0.002257,0.195
0.54,5092,0,90,90,90,90,0,1.791,76.34,0.002025,0.117
0.42,2694,0,90,90,90,90,0,1.192,53.42,0.001328,0.083
0.5,7178,90,0,45,-45,0,90,2.481,133.39,0.002738,0.205
0.6,2485,0,60,-60,-60,60,0,0.729,36.48,0.000804,0.056
0.51,3443,45,45,-45,-45,45,45,1.194,60.65,0.001335,0.096
0.61,9116,0,0,90,90,0,0,2.919,123.25,0.003209,0.189
0.62,3499,0,0,90,90,0,0,1.058,47.01,0.001157,0.072
0.53,6564,0,0,90,90,0,0,2.432,102.35,0.002661,0.161
0.42,2957,0,30,60,-60,-30,0,1.194,63.82,0.001353,0.098
0.6,7615,0,30,60,-60,-30,0,2.165,115.44,0.002366,0.177
0.55,4308,45,-45,45,-45,45,-45,1.302,75.97,0.00143,0.114
0.58,9925,0,45,-45,90,-45,45,2.801,157.08,0.003128,0.236
0.59,5871,0,0,90,90,0,0,1.904,82.64,0.002096,0.126
0.5,1443,45,45,-45,-45,45,45,0.513,25.64,0.00057,0.039
0.62,7583,0,90,90,90,90,0,2.402,101.04,0.002713,0.153
0.51,3459,0,30,-30,-30,30,0,1.237,57.53,0.001387,0.087
0.56,8600,90,0,45,-45,0,90,2.767,140.55,0.003081,0.212
0.42,1259,0,0,90,90,0,0,0.561,24.15,0.000623,0.037
0.63,9980,0,45,-45,90,-45,45,2.667,150.1,0.002946,0.227
0.56,7811,0,0,90,90,0,0,2.607,112.53,0.002889,0.178
0.53,5708,0,45,-45,90,-45,45,1.841,103.63,0.002076,0.163
0.47,7630,45,45,-45,-45,45,45,2.874,141.89,0.003194,0.213
0.5,3081,0,0,90,90,0,0,1.141,49.89,0.00126,0.077
0.56,9364,0,30,-30,-30,30,0,3.119,141.35,0.003477,0.219
0.56,7847,90,45,0,0,45,90,2.449,128.56,0.002743,0.197
0.43,9615,45,-45,45,-45,45,-45,3.666,212.53,0.00407,0.319
0.4,6646,45,45,-45,-45,45,45,2.862,153.77,0.003163,0.232
0.54,3310,0,30,60,-60,-30,0,1.087,51.86,0.001221,0.078
0.5,2826,0,45,-45,-45,45,0,0.978,50.21,0.001106,0.078
0.59,1748,0,60,-60,-60,60,0,0.509,26.41,0.000569,0.042
0.41,8403,45,45,-45,-45,45,45,3.466,194.92,0.003792,0.306
0.55,5812,0,0,90,90,0,0,2.028,85.26,0.002253,0.133
0.61,7000,0,90,90,90,90,0,2.125,92.43,0.002349,0.141
0.41,5340,0,45,-45,-45,45,0,2.197,116.05,0.002409,0.183
0.62,2073,90,0,45,-45,0,90,0.574,30.4,0.000636,0.046
0.47,9521,0,60,-60,-60,60,0,3.46,180.4,0.00377,0.273
0.52,4467,0,90,90,90,90,0,1.635,71.34,0.001784,0.107
0.52,6209,0,15,-15,-15,15,0,2.233,101.45,0.002503,0.16
0.48,3286,0,90,90,90,90,0,1.283,56.24,0.001417,0.086
0.57,2033,0,60,-60,-60,60,0,0.622,31.99,0.000678,0.048
0.54,1637,0,90,90,90,90,0,0.579,24.79,0.000633,0.039
0.43,4515,90,45,0,0,45,90,1.796,96.03,0.001958,0.148
0.41,7233,0,45,-45,-45,45,0,3.033,159.68,0.003402,0.25
0.5,8411,90,45,0,0,45,90,3.199,145.76,0.003591,0.23
0.42,5697,45,45,-45,-45,45,45,2.357,122.89,0.002591,0.187
0.64,1720,0,15,-15,-15,15,0,0.478,23.95,0.000522,0.037
0.43,7463,0,15,-15,-15,15,0,3.055,152.64,0.003462,0.232
0.6,9814,0,30,-30,-30,30,0,3.098,137.01,0.003433,0.217
0.46,7726,0,90,90,90,90,0,3.227,136.62,0.003516,0.21
0.41,6644,90,0,45,-45,0,90,2.812,139.98,0.003181,0.217
0.61,8750,45,45,-45,-45,45,45,2.489,127.67,0.002752,0.2
0.51,6539,0,60,-60,-60,60,0,2.2,122.11,0.002441,0.19
0.45,4449,0,0,90,90,0,0,1.9,83.98,0.002128,0.132
0.52,7375,45,-45,45,-45,45,-45,2.305,136.53,0.002516,0.212
0.4,2818,45,-45,45,-45,45,-45,1.11,70.17,0.001252,0.111
0.48,3441,90,0,45,-45,0,90,1.258,64.34,0.001393,0.1
0.59,7045,45,-45,45,-45,45,-45,1.946,116.8,0.002166,0.178
0.6,5972,0,30,-30,-30,30,0,1.641,91.61,0.001814,0.138
0.44,5328,45,45,-45,-45,45,45,2.074,111.7,0.002284,0.172
0.55,4835,90,45,0,0,45,90,1.575,78.04,0.001735,0.117
0.61,1727,0,60,-60,-60,60,0,0.504,24.15,0.000555,0.037
0.44,8074,0,90,90,90,90,0,3.471,151.33,0.003789,0.229
0.55,9789,0,90,90,90,90,0,3.387,151.22,0.003701,0.235
0.64,3350,0,30,-30,-30,30,0,0.913,49.15,0.001016,0.074
0.64,6840,0,45,-45,90,-45,45,1.78,101.12,0.001992,0.156
0.57,4515,0,0,90,90,0,0,1.536,64.44,0.001739,0.1
0.52,3634,0,0,90,90,0,0,1.344,57.08,0.001489,0.088
0.54,7051,45,-45,45,-45,45,-45,2.054,126.35,0.002258,0.194
0.4,3898,0,30,-30,-30,30,0,1.74,87.87,0.001957,0.136
0.61,3874,0,30,-30,-30,30,0,1.111,56.93,0.001244,0.088
0.48,5595,0,30,60,-60,-30,0,1.987,107.2,0.002193,0.166
0.42,8102,0,15,-15,-15,15,0,3.386,173.28,0.003774,0.273
0.45,5604,0,45,-45,-45,45,0,2.224,107.88,0.00243,0.167
0.62,3649,0,90,90,90,90,0,1.135,49.19,0.001256,0.077
0.57,4034,0,90,90,90,90,0,1.318,59.89,0.001446,0.091
0.55,3093,0,30,60,-60,-30,0,1.002,52.18,0.001126,0.08
0.61,5650,90,0,45,-45,0,90,1.697,78.91,0.001882,0.119
0.44,7467,45,45,-45,-45,45,45,2.97,153.29,0.003242,0.239
0.45,1708,0,90,90,90,90,0,0.726,31.75,0.000798,0.048
0.44,9671,45,45,-45,-45,45,45,3.849,192.54,0.004293,0.293
0.42,5307,45,45,-45,-45,45,45,2.085,117.15,0.002319,0.179
0.53,9328,0,30,60,-60,-30,0,3.142,155.62,0.003533,0.243
0.4,6735,0,30,60,-60,-30,0,3.065,150.86,0.003432,0.231
0.61,4804,0,0,90,90,0,0,1.531,65.67,0.00168,0.104
0.43,7363,0,60,-60,-60,60,0,2.988,150.72,0.003302,0.229
0.51,1510,0,15,-15,-15,15,0,0.528,25.47,0.000578,0.039
0.6,4703,0,30,-30,-30,30,0,1.348,72.92,0.001482,0.111
0.6,9596,0,45,-45,90,-45,45,2.665,147.16,0.002993,0.225
0.54,1761,0,60,-60,-60,60,0,0.608,28.88,0.000665,0.044
0.5,1185,0,30,60,-60,-30,0,0.441,21.06,0.000487,0.033
0.49,7759,45,-45,45,-45,45,-45,2.586,156.76,0.002846,0.248
0.57,4460,0,45,-45,90,-45,45,1.3,73.3,0.001438,0.114
0.41,9017,0,45,-45,-45,45,0,3.663,200.59,0.004067,0.305
0.64,1461,0,45,-45,90,-45,45,0.394,21.48,0.000446,0.034
0.56,2676,90,0,45,-45,0,90,0.836,42.06,0.000916,0.065
0.45,1851,45,-45,45,-45,45,-45,0.664,39.24,0.000743,0.061
0.4,3893,0,90,90,90,90,0,1.864,78.72,0.002101,0.122
0.6,8398,0,30,-30,-30,30,0,2.51,120.12,0.00274,0.184
0.43,9385,0,30,60,-60,-30,0,4.045,193.83,0.004554,0.293
0.62,4892,45,-45,45,-45,45,-45,1.293,77.36,0.001428,0.122
0.5,4297,0,30,-30,-30,30,0,1.45,77.81,0.001584,0.12
0.55,7178,45,-45,45,-45,45,-45,2.138,127.7,0.002418,0.202
0.44,5961,0,90,90,90,90,0,2.544,108.68,0.002836,0.172
0.48,3331,0,90,90,90,90,0,1.327,58.61,0.00147,0.093
0.6,8787,0,60,-60,-60,60,0,2.551,136.1,0.002853,0.211
0.56,8972,0,0,90,90,0,0,2.975,134.66,0.003281,0.202
0.63,5990,0,15,-15,-15,15,0,1.663,86.65,0.001863,0.13
0.61,8688,45,45,-45,-45,45,45,2.638,126.22,0.002927,0.199
0.57,1409,0,0,90,90,0,0,0.485,20.13,0.000529,0.031
0.5,7135,0,45,-45,90,-45,45,2.413,134.01,0.002682,0.204
0.65,9922,0,30,60,-60,-30,0,2.76,133.19,0.003086,0.203
0.48,8520,45,-45,45,-45,45,-45,2.95,173.03,0.003319,0.26
0.61,7455,0,15,-15,-15,15,0,2.207,108.32,0.00241,0.17
0.42,4666,90,0,45,-45,0,90,1.969,98.03,0.002208,0.148
0.62,5118,0,30,-30,-30,30,0,1.502,71.97,0.001668,0.109
0.46,2736,90,0,45,-45,0,90,1.061,51.86,0.001172,0.078
0.48,4434,90,45,0,0,45,90,1.617,80.46,0.001828,0.123
0.44,8536,0,45,-45,-45,45,0,3.422,170.49,0.003835,0.263
0.5,5638,0,0,90,90,0,0,2.092,91.2,0.002326,0.144
0.59,2369,0,45,-45,-45,45,0,0.746,33.65,0.000816,0.051
0.45,3543,0,15,-15,-15,15,0,1.407,71.19,0.001579,0.108
0.41,2489,0,60,-60,-60,60,0,1.105,51.91,0.001212,0.079
0.46,8978,0,45,-45,-45,45,0,3.552,172.08,0.003992,0.268
0.65,5109,0,30,60,-60,-30,0,1.351,71.16,0.001499,0.11
0.56,4710,0,45,-45,-45,45,0,1.494,73.95,0.001646,0.116
0.48,1582,0,15,-15,-15,15,0,0.553,30.68,0.000615,0.048
0.55,3777,90,0,45,-45,0,90,1.142,64.96,0.001264,0.098
0.61,2711,90,0,45,-45,0,90,0.792,38.63,0.000897,0.058
0.55,5308,0,0,90,90,0,0,1.835,81.03,0.002073,0.126
0.51,3918,45,45,-45,-45,45,45,1.392,66.34,0.001564,0.105
0.63,1329,45,45,-45,-45,45,45,0.394,18.52,0.000431,0.028
0.55,3500,90,45,0,0,45,90,1.052,58.42,0.001178,0.089
0.42,5456,0,45,-45,-45,45,0,2.275,116.83,0.002557,0.177
0.45,8584,0,30,60,-60,-30,0,3.278,171.18,0.003683,0.259
0.47,2424,0,15,-15,-15,15,0,0.883,48.07,0.000969,0.074
0.56,5967,0,45,-45,-45,45,0,1.921,95.5,0.002122,0.144
0.53,2230,90,0,45,-45,0,90,0.753,37.3,0.000842,0.059
0.55,7424,0,90,90,90,90,0,2.604,111.05,0.002907,0.171
0.56,5748,45,-45,45,-45,45,-45,1.638,102.04,0.001808,0.153
0.63,5959,0,30,-30,-30,30,0,1.648,83.66,0.001857,0.129
0.64,5173,90,45,0,0,45,90,1.345,74.56,0.001515,0.117
0.55,4534,0,45,-45,90,-45,45,1.356,78.43,0.00153,0.12
0.64,6317,0,45,-45,90,-45,45,1.633,90.73,0.001822,0.137
0.45,3612,90,0,45,-45,0,90,1.472,70.97,0.001654,0.112
0.46,7969,90,0,45,-45,0,90,3.068,150.63,0.003432,0.233
0.51,7279,0,90,90,90,90,0,2.761,118.42,0.003108,0.183
0.46,4939,45,-45,45,-45,45,-45,1.752,105.98,0.001912,0.16
0.62,6937,90,45,0,0,45,90,1.946,104.73,0.002193,0.159
0.47,1109,0,15,-15,-15,15,0,0.436,20.65,0.00048,0.032
0.56,4327,0,60,-60,-60,60,0,1.329,72.2,0.00145,0.111
0.53,4812,0,60,-60,-60,60,0,1.521,84.3,0.001699,0.127
0.48,4132,0,15,-15,-15,15,0,1.431,77.73,0.001586,0.121
0.52,2612,0,30,60,-60,-30,0,0.865,47.16,0.00098,0.073
0.48,9714,0,15,-15,-15,15,0,3.628,176.15,0.003981,0.273
0.62,7766,0,30,60,-60,-30,0,2.097,116.54,0.002375,0.176
0.49,4370,0,45,-45,90,-45,45,1.49,82.21,0.001628,0.129
0.62,9717,0,45,-45,-45,45,0,2.74,144.13,0.003057,0.225
0.57,3779,0,45,-45,90,-45,45,1.101,62.57,0.001212,0.094
0.58,9757,45,-45,45,-45,45,-45,2.795,160.79,0.003094,0.253
0.44,5496,0,60,-60,-60,60,0,2.146,108.96,0.002408,0.165
0.6,5554,0,30,-30,-30,30,0,1.633,85.37,0.001793,0.134
0.48,4297,0,30,-30,-30,30,0,1.562,80.31,0.001766,0.124
0.63,6532,90,0,45,-45,0,90,1.805,95.6,0.002019,0.144
0.42,3478,90,0,45,-45,0,90,1.397,77.88,0.001522,0.121
0.48,1755,0,0,90,90,0,0,0.68,30.34,0.000747,0.046
0.4,7184,0,60,-60,-60,60,0,3.242,160.63,0.003586,0.246
0.54,5073,45,-45,45,-45,45,-45,1.487,94.09,0.001634,0.144
0.44,5725,0,45,-45,90,-45,45,2.172,120.38,0.002392,0.182
0.47,8990,0,60,-60,-60,60,0,3.352,167.38,0.003689,0.261
0.63,4432,45,45,-45,-45,45,45,1.207,64.14,0.001359,0.098
0.46,4298,0,45,-45,90,-45,45,1.592,89.32,0.001792,0.141
0.48,9912,0,60,-60,-60,60,0,3.658,187.45,0.004089,0.28
0.51,1825,45,-45,45,-45,45,-45,0.576,33.95,0.000639,0.053
0.48,5025,0,15,-15,-15,15,0,1.746,99.87,0.001928,0.151
0.51,6586,0,45,-45,-45,45,0,2.231,115.93,0.002461,0.176
0.65,7040,0,60,-60,-60,60,0,1.95,96.98,0.002148,0.151
0.56,5363,0,0,90,90,0,0,1.872,79.37,0.002118,0.125
0.63,7879,0,90,90,90,90,0,2.437,101.42,0.002669,0.158
0.43,6754,0,30,-30,-30,30,0,2.668,143.62,0.003013,0.224
0.54,4725,0,30,-30,-30,30,0,1.538,77.11,0.001698,0.121
0.49,1341,0,90,90,90,90,0,0.535,22.61,0.000602,0.035
0.48,3080,0,45,-45,-45,45,0,1.145,54.77,0.001259,0.083
0.41,7535,0,45,-45,90,-45,45,3.03,172.87,0.003394,0.263
0.6,6957,0,60,-60,-60,60,0,2.159,98.55,0.002377,0.147
0.61,8382,0,30,60,-60,-30,0,2.419,125.57,0.002663,0.189
0.41,8101,90,0,45,-45,0,90,3.528,169.98,0.003877,0.258
0.48,2779,0,15,-15,-15,15,0,1.078,48.69,0.001212,0.077
0.53,7198,45,-45,45,-45,45,-45,2.172,132.25,0.00244,0.198
0.42,8849,0,45,-45,90,-45,45,3.566,193.52,0.003885,0.3
0.6,5591,90,0,45,-45,0,90,1.61,87.06,0.001771,0.131
0.65,6586,0,30,60,-60,-30,0,1.758,88.55,0.001989,0.14
0.54,2915,0,90,90,90,90,0,1.012,43.28,0.001111,0.067
0.48,8984,0,30,-30,-30,30,0,3.334,170.72,0.003738,0.265
0.45,3070,90,0,45,-45,0,90,1.176,62.43,0.001323,0.094
0.47,1092,45,45,-45,-45,45,45,0.416,19.46,0.000454,0.031
0.41,1490,0,15,-15,-15,15,0,0.658,31.54,0.000718,0.05
0.44,7451,0,30,60,-60,-30,0,2.877,154.01,0.003146,0.235
0.54,9492,0,30,-30,-30,30,0,3.181,147.67,0.00354,0.22
0.42,2993,0,60,-60,-60,60,0,1.231,65.76,0.001368,0.099
0.57,2870,45,45,-45,-45,45,45,0.909,42.83,0.001001,0.066
0.64,7510,0,15,-15,-15,15,0,2.143,105.95,0.002373,0.162
0.44,6929,0,30,-30,-30,30,0,2.764,141.41,0.003055,0.223
0.42,7999,0,30,-30,-30,30,0,3.368,162.08,0.003725,0.249
0.44,7402,45,-45,45,-45,45,-45,2.792,166.39,0.003146,0.252
0.61,1032,0,90,90,90,90,0,0.314,13.97,0.000355,0.022
0.53,2491,90,45,0,0,45,90,0.794,43.69,0.000865,0.066
0.6,5921,90,45,0,0,45,90,1.704,87.83,0.001923,0.137
0.62,2310,0,45,-45,-45,45,0,0.68,32.64,0.000764,0.05
0.51,9461,0,15,-15,-15,15,0,3.37,163.4,0.003792,0.255
0.62,8397,45,-45,45,-45,45,-45,2.209,130.1,0.002455,0.205
0.61,3605,0,90,90,90,90,0,1.112,48.73,0.001231,0.075
0.43,3813,0,0,90,90,0,0,1.702,73.98,0.001925,0.11
0.52,5886,0,90,90,90,90,0,2.107,94.85,0.002377,0.146
0.63,7231,0,90,90,90,90,0,2.198,95.8,0.002477,0.145
0.44,4552,0,90,90,90,90,0,2.006,87.99,0.002208,0.139
0.62,2274,45,45,-45,-45,45,45,0.655,31.35,0.00073,0.048
0.56,1539,0,60,-60,-60,60,0,0.498,24.49,0.000554,0.037
0.58,7581,0,45,-45,90,-45,45,2.254,121.56,0.002475,0.187
0.52,7822,0,45,-45,90,-45,45,2.544,145.33,0.002798,0.23
0.6,5167,0,0,90,90,0,0,1.647,70.17,0.001794,0.109
0.56,8103,90,45,0,0,45,90,2.58,127.15,0.002876,0.193
0.48,7228,0,30,60,-60,-30,0,2.518,136.08,0.002748,0.207
0.57,2878,45,-45,45,-45,45,-45,0.808,48.13,0.000883,0.076
0.54,3420,45,45,-45,-45,45,45,1.158,56.22,0.001296,0.086
0.56,7202,45,-45,45,-45,45,-45,2.05,122.09,0.002266,0.183
0.55,1482,0,30,-30,-30,30,0,0.484,23.02,0.000531,0.036
0.44,4360,0,45,-45,90,-45,45,1.681,92.51,0.001894,0.145
0.53,6826,45,-45,45,-45,45,-45,2.124,126.57,0.00235,0.195
0.5,7279,0,45,-45,90,-45,45,2.442,139.69,0.002735,0.215
0.45,5918,90,45,0,0,45,90,2.467,108.82,0.00274,0.167
0.44,6228,90,0,45,-45,0,90,2.555,121.71,0.002812,0.185
0.5,7674,0,45,-45,-45,45,0,2.743,141.82,0.003013,0.212
0.63,9826,0,30,60,-60,-30,0,2.728,144.83,0.003079,0.221
0.46,9198,0,30,-30,-30,30,0,3.309,184.79,0.003638,0.29
0.63,8073,0,45,-45,90,-45,45,2.171,122.11,0.002413,0.185
0.53,4191,0,45,-45,-45,45,0,1.445,66.42,0.001596,0.1
0.42,8468,0,0,90,90,0,0,3.811,167.53,0.004191,0.26
0.64,5535,45,45,-45,-45,45,45,1.471,81.7,0.001655,0.129
0.49,8166,0,60,-60,-60,60,0,3.006,148.95,0.003402,0.227
0.56,8005,0,90,90,90,90,0,2.649,116.73,0.002888,0.182
0.41,8823,0,15,-15,-15,15,0,3.809,195.32,0.004284,0.307
0.5,1671,45,45,-45,-45,45,45,0.621,27.94,0.000701,0.042
0.49,2628,0,0,90,90,0,0,1.017,45.23,0.001138,0.071
0.51,3952,0,45,-45,90,-45,45,1.32,73.49,0.001447,0.114
0.61,2053,0,45,-45,90,-45,45,0.575,30.74,0.000638,0.048
0.61,9984,0,15,-15,-15,15,0,2.722,149.35,0.003007,0.232
0.49,7421,0,30,60,-60,-30,0,2.658,133.44,0.002959,0.2
0.5,7137,0,90,90,90,90,0,2.668,117.39,0.002967,0.184
0.5,7563,0,15,-15,-15,15,0,2.71,133.39,0.002999,0.2
0.4,6886,0,60,-60,-60,60,0,2.938,158.08,0.003251,0.244
0.4,5367,0,30,-30,-30,30,0,2.4,114.77,0.002633,0.176
0.64,2445,0,0,90,90,0,0,0.75,30.99,0.000833,0.047
0.52,7673,0,45,-45,90,-45,45,2.461,136.86,0.002789,0.205
0.44,9640,0,60,-60,-60,60,0,3.865,191.96,0.004295,0.303
0.56,7914,90,45,0,0,45,90,2.396,128.47,0.002715,0.2
0.45,5690,0,60,-60,-60,60,0,2.335,111.6,0.00263,0.168
0.48,5248,0,30,-30,-30,30,0,1.964,91.39,0.002216,0.138
0.41,1301,90,0,45,-45,0,90,0.58,27.97,0.000648,0.042
0.45,9615,0,45,-45,90,-45,45,3.693,201.22,0.00412,0.311
0.65,1271,0,90,90,90,90,0,0.378,15.87,0.000417,0.025
0.63,6290,0,45,-45,90,-45,45,1.639,96.37,0.001853,0.145
0.63,9106,0,60,-60,-60,60,0,2.404,132.36,0.002664,0.2
0.42,3163,90,45,0,0,45,90,1.283,71.16,0.001446,0.113
0.63,5988,45,45,-45,-45,45,45,1.727,82.86,0.001947,0.131
0.47,6452,0,30,-30,-30,30,0,2.266,129.67,0.002485,0.202
0.46,8580,45,45,-45,-45,45,45,3.122,170.97,0.003459,0.268
0.61,9843,0,60,-60,-60,60,0,3.014,136.69,0.003301,0.214
0.46,3716,45,-45,45,-45,45,-45,1.326,80.8,0.001448,0.121
0.52,2480,0,90,90,90,90,0,0.92,40.16,0.001023,0.063
0.51,9212,0,45,-45,-45,45,0,3.259,161.21,0.003554,0.253
0.49,7001,90,45,0,0,45,90,2.516,129.19,0.002798,0.198
0.44,2250,0,45,-45,-45,45,0,0.919,43.74,0.001022,0.068
0.58,2441,0,90,90,90,90,0,0.799,35.09,0.000902,0.054
0.59,3397,45,-45,45,-45,45,-45,0.922,54.78,0.001004,0.082
0.53,7173,45,-45,45,-45,45,-45,2.245,129.54,0.002522,0.198
0.41,5933,0,30,-30,-30,30,0,2.538,131.54,0.002801,0.208
0.43,6784,45,45,-45,-45,45,45,2.845,138.74,0.003199,0.215
0.56,9518,45,-45,45,-45,45,-45,2.761,162.47,0.0031,0.25
0.58,3978,0,0,90,90,0,0,1.301,56.47,0.00143,0.087
0.64,5571,0,15,-15,-15,15,0,1.558,75.74,0.00173,0.119
0.62,6568,90,45,0,0,45,90,1.884,97.2,0.00206,0.15
0.6,5584,90,45,0,0,45,90,1.753,77.99,0.001955,0.117
0.46,8142,90,45,0,0,45,90,2.987,168.11,0.003319,0.254
0.42,9431,0,0,90,90,0,0,4.316,186.35,0.004825,0.29
0.59,9313,0,45,-45,90,-45,45,2.666,145.14,0.002952,0.223
0.55,7652,90,0,45,-45,0,90,2.467,120.92,0.002707,0.185
0.53,4710,0,45,-45,90,-45,45,1.514,83.91,0.001667,0.132
0.59,4257,0,0,90,90,0,0,1.335,58.49,0.001501,0.09
0.5,6671,0,0,90,90,0,0,2.522,111.42,0.00285,0.172
0.55,4358,0,30,60,-60,-30,0,1.489,67.45,0.001651,0.102
0.55,6235,0,0,90,90,0,0,2.188,91.44,0.002471,0.143
0.55,4978,0,15,-15,-15,15,0,1.637,80.15,0.001832,0.123
0.49,5818,45,45,-45,-45,45,45,2.078,103.54,0.002341,0.162
0.59,2264,90,45,0,0,45,90,0.664,34.05,0.000749,0.051
0.54,9637,45,45,-45,-45,45,45,3.179,156.45,0.003546,0.24
0.64,4538,0,45,-45,-45,45,0,1.269,60.51,0.001426,0.093
0.54,4772,0,15,-15,-15,15,0,1.602,75.0,0.001786,0.113
0.52,9091,0,0,90,90,0,0,3.32,144.11,0.003755,0.216
0.43,4144,45,45,-45,-45,45,45,1.666,89.24,0.001841,0.133
0.41,2394,0,15,-15,-15,15,0,1.03,50.77,0.001125,0.08
0.41,3320,0,90,90,90,90,0,1.57,68.64,0.001762,0.106
0.65,3798,0,90,90,90,90,0,1.141,47.45,0.001243,0.072
0.48,7561,0,15,-15,-15,15,0,2.652,145.6,0.002963,0.218
0.62,1932,0,90,90,90,90,0,0.608,26.44,0.000663,0.04
0.55,9485,90,0,45,-45,0,90,2.984,149.48,0.00332,0.226
0.47,2698,0,90,90,90,90,0,1.103,46.39,0.001224,0.073
0.46,4273,0,0,90,90,0,0,1.777,76.76,0.001959,0.12
0.61,5472,0,15,-15,-15,15,0,1.658,76.42,0.001816,0.115
0.47,1043,0,15,-15,-15,15,0,0.401,19.08,0.000447,0.03
0.58,1218,0,30,-30,-30,30,0,0.393,17.57,0.000445,0.027
0.51,1013,0,30,60,-60,-30,0,0.337,17.68,0.000369,0.028
0.54,6654,90,45,0,0,45,90,2.125,117.07,0.00238,0.184
0.42,5155,45,45,-45,-45,45,45,2.013,111.53,0.002272,0.168
0.52,8530,90,0,45,-45,0,90,2.829,151.52,0.003128,0.235
0.61,8946,45,-45,45,-45,45,-45,2.359,146.48,0.002648,0.23
0.41,8288,0,90,90,90,90,0,3.928,162.09,0.004287,0.244
0.42,4116,90,0,45,-45,0,90,1.751,85.86,0.001979,0.13
0.45,6180,0,30,-30,-30,30,0,2.45,123.79,0.002728,0.185
0.43,7336,0,60,-60,-60,60,0,2.983,158.65,0.003333,0.249
0.65,8117,45,45,-45,-45,45,45,2.124,114.99,0.002373,0.182
0.59,1829,0,30,60,-60,-30,0,0.574,26.78,0.000635,0.041
0.5,5062,0,45,-45,90,-45,45,1.748,95.68,0.001934,0.149
0.55,5709,0,45,-45,-45,45,0,1.901,86.3,0.002091,0.135
0.54,5799,90,45,0,0,45,90,1.911,92.7,0.002145,0.142
0.4,9338,90,45,0,0,45,90,4.011,222.77,0.004518,0.351
0.42,9231,0,30,60,-60,-30,0,4.147,182.96,0.004575,0.278
0.57,6361,0,90,90,90,90,0,2.101,94.78,0.002358,0.144
0.54,9434,90,0,45,-45,0,90,3.112,155.3,0.003416,0.234
0.42,9127,90,0,45,-45,0,90,3.874,192.5,0.004355,0.298
0.45,7331,0,90,90,90,90,0,3.049,132.33,0.003426,0.2
0.49,4130,0,15,-15,-15,15,0,1.475,76.25,0.001618,0.12
0.43,8379,0,45,-45,-45,45,0,3.203,187.48,0.003578,0.289
0.41,3834,0,30,-30,-30,30,0,1.611,87.21,0.001825,0.131
0.5,4429,45,-45,45,-45,45,-45,1.475,86.04,0.001617,0.131
0.52,4687,0,15,-15,-15,15,0,1.578,83.05,0.001787,0.13
0.6,5038,0,45,-45,90,-45,45,1.388,78.8,0.001549,0.12
0.62,5020,90,0,45,-45,0,90,1.377,77.75,0.00153,0.121
0.48,8312,0,60,-60,-60,60,0,3.169,148.5,0.003573,0.225
0.54,4748,90,0,45,-45,0,90,1.522,82.03,0.001662,0.127
0.52,6838,0,90,90,90,90,0,2.576,108.54,0.002912,0.168
0.44,6957,0,0,90,90,0,0,2.949,130.31,0.003238,0.199
0.49,1728,45,-45,45,-45,45,-45,0.57,33.6,0.000632,0.052
0.6,3611,90,45,0,0,45,90,1.04,52.96,0.001155,0.08
0.55,9998,0,30,60,-60,-30,0,3.225,155.02,0.003584,0.238
0.45,3459,0,45,-45,90,-45,45,1.285,74.1,0.001402,0.117
0.63,8152,0,60,-60,-60,60,0,2.426,113.94,0.002691,0.18
0.51,5441,0,15,-15,-15,15,0,1.881,95.24,0.002064,0.149
0.44,9868,0,30,60,-60,-30,0,4.162,193.71,0.004559,0.304
0.64,1173,0,0,90,90,0,0,0.359,15.1,0.000401,0.024
0.49,1877,45,45,-45,-45,45,45,0.643,35.83,0.000707,0.054
0.51,1932,0,30,60,-60,-30,0,0.628,36.15,0.000707,0.054
0.62,5022,0,45,-45,90,-45,45,1.373,73.96,0.001513,0.113
0.57,1325,0,90,90,90,90,0,0.434,19.03,0.000475,0.029
0.58,8285,0,0,90,90,0,0,2.674,117.26,0.003009,0.185
0.55,4844,45,45,-45,-45,45,45,1.577,74.37,0.001723,0.115
0.55,7548,90,45,0,0,45,90,2.522,122.54,0.00281,0.193
0.43,3210,0,0,90,90,0,0,1.41,62.65,0.001563,0.095
0.52,6028,0,0,90,90,0,0,2.254,96.0,0.002515,0.144
0.55,3778,0,30,60,-60,-30,0,1.224,60.04,0.001336,0.093
0.5,3326,0,15,-15,-15,15,0,1.179,57.81,0.001329,0.089
0.52,9901,0,30,-30,-30,30,0,3.246,172.27,0.00362,0.259
0.53,8215,0,45,-45,-45,45,0,2.884,134.36,0.003226,0.208
0.59,9026,45,45,-45,-45,45,45,2.776,133.16,0.003122,0.2
0.57,5411,0,45,-45,90,-45,45,1.554,88.14,0.001696,0.134
0.42,8508,45,-45,45,-45,45,-45,3.323,199.62,0.003754,0.303
0.41,4849,0,45,-45,90,-45,45,1.946,109.32,0.002161,0.173
0.61,9430,45,45,-45,-45,45,45,2.669,142.19,0.002939,0.214
0.45,2964,0,90,90,90,90,0,1.288,55.19,0.001444,0.086
0.41,9934,0,0,90,90,0,0,4.665,200.35,0.005121,0.312
0.63,2088,45,-45,45,-45,45,-45,0.55,32.21,0.000609,0.049
0.63,1852,0,45,-45,-45,45,0,0.5,26.55,0.000563,0.04
0.65,6941,45,-45,45,-45,45,-45,1.757,100.92,0.001941,0.157
0.43,1953,90,45,0,0,45,90,0.822,39.85,0.000929,0.061
0.41,7024,0,90,90,90,90,0,3.205,141.74,0.003566,0.222
0.43,9957,45,45,-45,-45,45,45,4.099,199.23,0.004627,0.305
0.57,4469,0,45,-45,90,-45,45,1.28,72.78,0.001397,0.115
0.64,5668,0,30,-30,-30,30,0,1.629,78.39,0.001809,0.119
0.56,7291,45,-45,45,-45,45,-45,2.089,125.32,0.002286,0.189
0.6,7815,0,0,90,90,0,0,2.44,109.0,0.002744,0.172
0.43,7861,90,0,45,-45,0,90,3.333,155.84,0.003754,0.238
0.61,1257,0,90,90,90,90,0,0.386,17.01,0.000434,0.027
0.58,3411,0,60,-60,-60,60,0,1.084,50.21,0.001216,0.079
0.44,7396,90,45,0,0,45,90,2.749,162.17,0.003005,0.254
0.6,4071,90,0,45,-45,0,90,1.194,61.64,0.001315,0.096
0.51,6436,0,45,-45,-45,45,0,2.108,117.91,0.002389,0.185
0.65,5101,0,45,-45,90,-45,45,1.298,73.68,0.001433,0.116
0.63,7969,0,45,-45,-45,45,0,2.121,120.31,0.002378,0.186
0.62,6909,45,-45,45,-45,45,-45,1.81,106.48,0.001973,0.159
0.48,2770,90,45,0,0,45,90,1.048,51.26,0.001151,0.079
0.47,2938,0,30,-30,-30,30,0,1.066,56.51,0.001203,0.087
0.5,5595,90,45,0,0,45,90,1.893,104.72,0.002076,0.162
0.43,6530,0,15,-15,-15,15,0,2.802,130.28,0.003068,0.198
0.5,2543,0,15,-15,-15,15,0,0.891,46.97,0.000985,0.073
0.42,5411,0,90,90,90,90,0,2.488,104.69,0.002719,0.165
0.44,4388,0,30,60,-60,-30,0,1.66,95.5,0.001834,0.148
0.45,6705,45,-45,45,-45,45,-45,2.438,144.25,0.002722,0.215
0.56,1813,45,45,-45,-45,45,45,0.565,29.81,0.000628,0.047
0.56,5195,0,90,90,90,90,0,1.717,76.88,0.001925,0.121
0.59,9503,0,45,-45,90,-45,45,2.654,149.92,0.002996,0.225
0.44,3042,90,45,0,0,45,90,1.189,61.45,0.001303,0.093
0.43,6953,0,30,-30,-30,30,0,2.988,145.09,0.003373,0.217
0.43,2957,90,0,45,-45,0,90,1.274,59.85,0.001398,0.091
0.54,7306,90,45,0,0,45,90,2.489,114.01,0.002806,0.173
0.65,8342,0,30,-30,-30,30,0,2.272,115.38,0.002529,0.176
0.57,3375,90,0,45,-45,0,90,1.009,54.47,0.001112,0.086
0.43,6710,0,15,-15,-15,15,0,2.712,139.61,0.003054,0.219
0.47,2090,0,90,90,90,90,0,0.873,36.12,0.000975,0.057
0.47,7786,0,60,-60,-60,60,0,2.88,149.52,0.003145,0.225
0.54,6359,90,45,0,0,45,90,2.192,98.44,0.002476,0.152
0.62,2889,45,45,-45,-45,45,45,0.798,44.33,0.000901,0.07
0.61,3875,0,60,-60,-60,60,0,1.182,53.62,0.001306,0.081
0.52,8911,45,45,-45,-45,45,45,3.108,148.75,0.003445,0.223
0.65,1664,0,90,90,90,90,0,0.498,20.71,0.000549,0.032
0.62,4160,90,0,45,-45,0,90,1.203,58.14,0.001331,0.089
0.65,9051,90,0,45,-45,0,90,2.509,128.08,0.002767,0.201
0.59,6058,45,-45,45,-45,45,-45,1.613,102.24,0.001768,0.156
0.59,4256,0,15,-15,-15,15,0,1.224,65.8,0.00137,0.098
0.4,8979,90,0,45,-45,0,90,4.067,196.75,0.004535,0.3
0.42,2829,0,15,-15,-15,15,0,1.269,57.11,0.001427,0.086
0.48,5321,0,30,60,-60,-30,0,1.953,98.58,0.002165,0.151
0.53,6207,0,0,90,90,0,0,2.301,95.32,0.002569,0.149
0.45,6515,0,15,-15,-15,15,0,2.493,136.66,0.002812,0.214
0.59,5501,0,60,-60,-60,60,0,1.76,81.09,0.001957,0.126
0.45,9097,90,45,0,0,45,90,3.745,173.99,0.004125,0.263
0.56,3867,45,45,-45,-45,45,45,1.197,63.07,0.00135,0.095
0.53,7354,90,45,0,0,45,90,2.402,129.97,0.002637,0.2
0.54,3819,0,60,-60,-60,60,0,1.194,62.78,0.001311,0.095
0.44,9980,45,45,-45,-45,45,45,3.987,204.63,0.004415,0.32
0.6,9844,0,90,90,90,90,0,3.221,134.87,0.003561,0.205
0.52,9146,0,60,-60,-60,60,0,2.983,166.77,0.003253,0.262
0.46,3305,90,0,45,-45,0,90,1.292,62.69,0.001444,0.099
0.43,1062,0,45,-45,-45,45,0,0.411,23.15,0.000461,0.036
0.42,7891,0,0,90,90,0,0,3.521,159.24,0.003903,0.247
0.46,4922,0,30,60,-60,-30,0,1.936,91.55,0.002141,0.142
0.48,6557,0,90,90,90,90,0,2.661,112.14,0.002982,0.175
0.43,9886,0,45,-45,90,-45,45,3.901,212.42,0.004336,0.325
0.59,3216,0,0,90,90,0,0,1.067,45.59,0.001172,0.072
0.61,7001,0,30,60,-60,-30,0,2.08,99.9,0.002332,0.151
0.44,5759,45,45,-45,-45,45,45,2.312,121.32,0.002604,0.187
0.59,7340,0,90,90,90,90,0,2.347,102.03,0.002657,0.157
0.55,6770,0,30,-30,-30,30,0,2.211,109.28,0.00249,0.171
0.59,6511,45,45,-45,-45,45,45,1.969,99.36,0.002183,0.155
0.42,4599,0,45,-45,90,-45,45,1.87,101.2,0.002119,0.16
0.65,9232,90,45,0,0,45,90,2.51,125.87,0.00284,0.199
0.61,2031,0,60,-60,-60,60,0,0.546,31.79,0.00061,0.05
0.55,5314,0,30,60,-60,-30,0,1.641,89.07,0.001821,0.134
0.56,1980,0,90,90,90,90,0,0.678,29.82,0.000751,0.046
0.56,6580,0,45,-45,90,-45,45,1.984,113.05,0.002214,0.171
0.47,2748,0,15,-15,-15,15,0,1.063,51.36,0.001192,0.077
0.41,3115,45,-45,45,-45,45,-45,1.21,72.93,0.001328,0.113
0.48,9102,45,-45,45,-45,45,-45,3.115,186.77,0.003467,0.295
0.57,4579,0,0,90,90,0,0,1.489,67.13,0.001686,0.105
0.58,8375,0,15,-15,-15,15,0,2.423,135.96,0.00265,0.215
0.42,5253,0,60,-60,-60,60,0,2.236,108.64,0.002532,0.172
0.56,7373,0,60,-60,-60,60,0,2.172,121.37,0.002418,0.188
0.56,9566,45,45,-45,-45,45,45,3.002,151.47,0.003313,0.232
0.43,5852,0,90,90,90,90,0,2.577,114.02,0.002815,0.18
0.51,7037,45,45,-45,-45,45,45,2.405,127.22,0.002658,0.197
0.42,1775,90,0,45,-45,0,90,0.765,35.75,0.000852,0.055
0.6,2212,45,-45,45,-45,45,-45,0.586,36.52,0.000645,0.058
0.48,1242,0,0,90,90,0,0,0.481,21.02,0.00053,0.031
0.61,8333,0,0,90,90,0,0,2.555,113.38,0.002819,0.179
0.43,2605,0,45,-45,90,-45,45,1.026,57.52,0.001128,0.09
0.51,5178,0,30,60,-60,-30,0,1.823,93.45,0.001997,0.147
0.48,6033,45,45,-45,-45,45,45,2.251,107.35,0.002537,0.17
0.63,6831,0,30,60,-60,-30,0,1.87,103.43,0.002055,0.162
0.43,8355,0,30,-30,-30,30,0,3.635,164.78,0.004003,0.248
0.43,7930,0,30,-30,-30,30,0,3.145,168.09,0.003484,0.254
0.48,7430,45,-45,45,-45,45,-45,2.514,153.55,0.00274,0.238
0.62,7115,90,45,0,0,45,90,1.996,102.26,0.002233,0.16
0.48,7623,45,-45,45,-45,45,-45,2.494,155.92,0.002825,0.236
0.44,1829,45,45,-45,-45,45,45,0.756,36.67,0.000853,0.056
0.43,5383,0,30,60,-60,-30,0,2.274,107.57,0.002549,0.162
0.42,2026,90,45,0,0,45,90,0.862,42.73,0.000974,0.064
0.65,1386,45,45,-45,-45,45,45,0.388,18.61,0.000436,0.029
0.6,1931,90,0,45,-45,0,90,0.554,29.54,0.000615,0.045
0.58,4789,0,90,90,90,90,0,1.608,68.6,0.001758,0.108
0.62,8480,0,60,-60,-60,60,0,2.422,125.92,0.002649,0.193
0.63,1569,0,45,-45,-45,45,0,0.466,21.46,0.000519,0.033
0.61,1856,0,30,-30,-30,30,0,0.506,27.62,0.000551,0.043
0.42,7743,90,0,45,-45,0,90,3.067,171.2,0.003418,0.27
0.52,6744,0,45,-45,-45,45,0,2.285,112.08,0.002556,0.175
0.56,2740,0,60,-60,-60,60,0,0.869,42.08,0.000965,0.065
0.41,1409,0,60,-60,-60,60,0,0.623,29.71,0.0007,0.046
0.53,1768,45,45,-45,-45,45,45,0.595,28.39,0.000659,0.045
0.65,3154,0,45,-45,90,-45,45,0.827,46.71,0.000909,0.071
0.58,7505,0,90,90,90,90,0,2.45,105.71,0.002737,0.159
0.49,2684,45,-45,45,-45,45,-45,0.882,51.82,0.000988,0.082
0.64,6266,90,45,0,0,45,90,1.812,84.27,0.001989,0.133
0.62,9155,0,0,90,90,0,0,2.736,124.67,0.002989,0.197
0.51,9046,0,30,-30,-30,30,0,3.248,151.96,0.003593,0.234
0.65,2649,0,90,90,90,90,0,0.8,34.21,0.000889,0.051
0.6,8339,45,45,-45,-45,45,45,2.551,123.08,0.002891,0.195
0.44,7455,0,30,-30,-30,30,0,2.962,151.47,0.00329,0.236
0.5,5903,0,90,90,90,90,0,2.314,98.7,0.002524,0.155
0.42,4647,0,15,-15,-15,15,0,1.988,99.71,0.002192,0.156
0.56,4984,0,90,90,90,90,0,1.664,75.21,0.001838,0.113
0.54,4030,0,30,-30,-30,30,0,1.331,65.64,0.001494,0.102
0.42,3148,45,45,-45,-45,45,45,1.381,63.63,0.001506,0.097
0.55,8406,0,15,-15,-15,15,0,2.699,137.47,0.003055,0.207
0.55,7552,0,45,-45,-45,45,0,2.576,118.37,0.002828,0.178
0.54,7422,0,0,90,90,0,0,2.599,112.99,0.002835,0.172
0.63,2887,0,45,-45,-45,45,0,0.843,39.16,0.000923,0.06
0.57,7337,45,-45,45,-45,45,-45,2.113,125.98,0.002364,0.192
0.45,7058,90,45,0,0,45,90,2.769,139.43,0.003041,0.22
0.54,9299,0,90,90,90,90,0,3.355,143.86,0.003793,0.215
0.42,1239,0,90,90,90,90,0,0.546,24.48,0.000601,0.037
0.55,3400,0,30,60,-60,-30,0,1.058,56.27,0.001165,0.086
0.64,5909,0,30,-30,-30,30,0,1.598,87.92,0.00181,0.133
0.47,3254,45,45,-45,-45,45,45,1.268,60.97,0.001429,0.095
0.64,6113,0,90,90,90,90,0,1.862,79.51,0.002108,0.123
0.45,4756,45,45,-45,-45,45,45,1.876,95.92,0.002091,0.145
0.5,4095,45,45,-45,-45,45,45,1.476,69.44,0.001658,0.104
0.56,8111,0,15,-15,-15,15,0,2.454,137.15,0.002752,0.206
0.4,1748,0,15,-15,-15,15,0,0.798,38.41,0.000882,0.058
0.46,9724,0,15,-15,-15,15,0,3.64,190.14,0.003998,0.292
0.53,6555,0,30,-30,-30,30,0,2.206,107.98,0.002431,0.167
0.6,4748,0,90,90,90,90,0,1.536,63.45,0.001693,0.097
0.61,7542,0,45,-45,90,-45,45,2.129,114.21,0.002365,0.178
0.61,5804,0,90,90,90,90,0,1.82,79.23,0.001987,0.125
0.6,7718,0,45,-45,90,-45,45,2.104,124.04,0.002341,0.188
0.55,8648,0,45,-45,-45,45,0,2.753,142.06,0.003112,0.223
0.62,1142,0,60,-60,-60,60,0,0.316,16.61,0.000349,0.026
0.56,3346,0,60,-60,-60,60,0,1.041,52.72,0.001155,0.083
0.41,2388,0,45,-45,90,-45,45,0.974,54.25,0.001078,0.086
0.45,3535,45,45,-45,-45,45,45,1.317,71.22,0.001465,0.108
0.45,6557,0,0,90,90,0,0,2.756,118.74,0.003024,0.181
0.42,3289,0,45,-45,-45,45,0,1.394,72.71,0.001525,0.114
0.57,3780,0,60,-60,-60,60,0,1.188,57.22,0.001301,0.087
0.48,9180,0,30,-30,-30,30,0,3.409,171.2,0.003812,0.264
0.49,8561,0,45,-45,90,-45,45,2.866,159.86,0.003164,0.239
0.49,7990,0,90,90,90,90,0,3.12,131.43,0.003491,0.207
0.58,1182,45,45,-45,-45,45,45,0.372,17.17,0.000414,0.027
0.42,4183,90,45,0,0,45,90,1.848,85.46,0.002061,0.132
0.59,5032,0,30,-30,-30,30,0,1.401,79.51,0.00154,0.124
0.51,5525,45,45,-45,-45,45,45,1.81,102.64,0.002039,0.16
0.49,4758,0,15,-15,-15,15,0,1.788,82.86,0.001967,0.131
0.59,2830,45,-45,45,-45,45,-45,0.756,46.95,0.000826,0.07
0.46,7746,0,30,-30,-30,30,0,2.933,152.73,0.003215,0.242
0.44,5888,90,0,45,-45,0,90,2.225,127.25,0.002489,0.194
0.42,2529,0,90,90,90,90,0,1.141,50.64,0.001269,0.08
0.42,3942,0,15,-15,-15,15,0,1.642,86.62,0.001831,0.136
0.56,4676,0,0,90,90,0,0,1.601,70.93,0.001748,0.111
0.42,4464,0,30,-30,-30,30,0,1.832,100.09,0.002048,0.155
0.42,1200,0,0,90,90,0,0,0.536,23.13,0.000589,0.035
0.57,6424,45,-45,45,-45,45,-45,1.85,112.69,0.002035,0.175
0.41,5441,0,90,90,90,90,0,2.478,110.01,0.002757,0.173
0.53,8244,0,0,90,90,0,0,3.043,131.93,0.003338,0.208
0.54,6577,0,45,-45,90,-45,45,2.005,114.63,0.002265,0.172
0.64,8536,0,45,-45,90,-45,45,2.188,123.37,0.002424,0.19
0.61,2144,45,-45,45,-45,45,-45,0.581,34.56,0.000635,0.054
0.58,8016,90,0,45,-45,0,90,2.59,118.07,0.002874,0.177
0.51,6328,0,60,-60,-60,60,0,2.28,107.69,0.002557,0.167
0.48,8406,0,30,-30,-30,30,0,2.98,160.12,0.003326,0.247
0.58,2755,90,45,0,0,45,90,0.804,45.45,0.000877,0.07
0.5,3732,0,30,60,-60,-30,0,1.316,68.45,0.001446,0.104
0.41,2269,0,90,90,90,90,0,1.054,45.65,0.001188,0.072
0.55,7756,0,60,-60,-60,60,0,2.46,122.14,0.002753,0.193
0.51,6578,90,45,0,0,45,90,2.184,120.54,0.002387,0.182
0.46,7390,90,45,0,0,45,90,2.922,137.18,0.003306,0.207
0.5,1415,0,60,-60,-60,60,0,0.52,24.92,0.000584,0.039
0.59,3290,45,45,-45,-45,45,45,1.014,47.41,0.001122,0.074
0.53,4834,45,45,-45,-45,45,45,1.582,83.37,0.001781,0.129
0.5,5496,0,30,60,-60,-30,0,1.933,98.07,0.002151,0.15
0.59,7778,0,30,-30,-30,30,0,2.454,110.86,0.002751,0.167
0.51,5084,45,45,-45,-45,45,45,1.752,88.45,0.001973,0.14
0.5,3455,0,45,-45,90,-45,45,1.191,63.72,0.001309,0.099
0.51,2419,0,45,-45,-45,45,0,0.857,41.2,0.000936,0.063
0.51,7282,90,0,45,-45,0,90,2.346,133.89,0.002639,0.2
0.56,1544,90,0,45,-45,0,90,0.48,24.96,0.000534,0.038
0.43,3915,0,60,-60,-60,60,0,1.661,78.97,0.001859,0.119
0.5,5649,45,45,-45,-45,45,45,1.879,104.24,0.002099,0.165
0.6,1136,0,45,-45,-45,45,0,0.341,16.58,0.000376,0.025
0.59,4344,90,45,0,0,45,90,1.322,62.59,0.001445,0.099
0.6,8738,90,45,0,0,45,90,2.499,129.18,0.002797,0.195
0.52,6124,0,0,90,90,0,0,2.242,98.53,0.002489,0.152
0.46,6022,90,45,0,0,45,90,2.369,116.64,0.002581,0.183
0.55,7857,45,45,-45,-45,45,45,2.416,128.91,0.002666,0.199
0.53,7032,0,60,-60,-60,60,0,2.375,119.76,0.002686,0.179
0.63,8948,0,90,90,90,90,0,2.654,120.46,0.003001,0.182
0.4,9762,0,30,60,-60,-30,0,4.45,204.39,0.004883,0.317
0.42,2931,45,45,-45,-45,45,45,1.212,65.88,0.00136,0.099
0.47,1836,45,-45,45,-45,45,-45,0.644,38.18,0.000726,0.059
0.47,6029,45,45,-45,-45,45,45,2.176,117.8,0.00242,0.18
0.52,8498,0,30,-30,-30,30,0,2.858,150.28,0.003134,0.226
0.64,2218,0,60,-60,-60,60,0,0.597,31.42,0.000658,0.049
0.5,8244,0,60,-60,-60,60,0,2.821,150.6,0.003149,0.229
0.49,7096,0,45,-45,-45,45,0,2.446,128.49,0.002673,0.195
0.55,1830,90,0,45,-45,0,90,0.624,29.57,0.000689,0.045
0.57,8545,45,45,-45,-45,45,45,2.664,136.28,0.00298,0.21
0.6,4842,0,60,-60,-60,60,0,1.481,69.57,0.001665,0.105
0.61,6605,0,60,-60,-60,60,0,2.008,90.02,0.002191,0.137
0.54,2133,90,0,45,-45,0,90,0.716,35.39,0.000805,0.054
0.52,9094,0,45,-45,-45,45,0,2.992,161.84,0.003302,0.254
0.59,3878,0,45,-45,-45,45,0,1.176,55.88,0.001286,0.086
0.6,2724,0,60,-60,-60,60,0,0.825,39.8,0.000909,0.061
0.51,6073,0,90,90,90,90,0,2.336,99.53,0.002604,0.153
0.63,3010,0,0,90,90,0,0,0.896,39.17,0.001004,0.06
0.42,5872,45,-45,45,-45,45,-45,2.195,132.85,0.00241,0.201
0.6,8454,0,45,-45,90,-45,45,2.338,135.16,0.002648,0.21
0.51,5251,0,30,-30,-30,30,0,1.93,88.17,0.002142,0.138
0.62,2134,90,45,0,0,45,90,0.588,30.82,0.000665,0.049
0.42,7114,0,15,-15,-15,15,0,2.77,156.3,0.003122,0.238
0.5,6112,0,30,60,-60,-30,0,2.132,112.37,0.002386,0.169
0.53,3457,45,45,-45,-45,45,45,1.168,56.36,0.001272,0.085
0.4,8866,0,45,-45,-45,45,0,3.871,197.36,0.004385,0.298
0.62,5076,0,30,-30,-30,30,0,1.439,74.94,0.001597,0.113
0.41,3002,45,-45,45,-45,45,-45,1.154,71.4,0.001281,0.111
0.56,5979,0,0,90,90,0,0,2.007,86.44,0.002248,0.134
0.5,8446,0,0,90,90,0,0,3.142,137.12,0.003521,0.21
0.53,6782,0,60,-60,-60,60,0,2.238,119.93,0.002487,0.186
0.55,6767,0,45,-45,-45,45,0,2.172,110.93,0.002455,0.17
0.45,7373,0,15,-15,-15,15,0,2.915,138.36,0.003252,0.219
0.64,1805,0,90,90,90,90,0,0.533,23.42,0.000596,0.036
0.55,3293,0,15,-15,-15,15,0,1.046,54.17,0.001165,0.084
0.65,7243,0,15,-15,-15,15,0,2.015,98.49,0.002248,0.156
0.41,4114,0,60,-60,-60,60,0,1.691,90.57,0.001853,0.138
0.58,8204,90,0,45,-45,0,90,2.479,126.18,0.002715,0.198
0.48,9196,90,45,0,0,45,90,3.367,166.04,0.003737,0.26
0.41,5464,0,45,-45,90,-45,45,2.296,122.6,0.002546,0.189
0.6,1034,0,45,-45,90,-45,45,0.292,15.9,0.000325,0.025
0.64,9482,90,45,0,0,45,90,2.738,125.82,0.003008,0.189
0.63,9288,0,90,90,90,90,0,2.749,121.26,0.003075,0.188
0.61,7932,0,90,90,90,90,0,2.53,106.54,0.002797,0.167
0.41,1638,0,0,90,90,0,0,0.783,33.22,0.000884,0.052
0.65,2262,0,60,-60,-60,60,0,0.607,31.06,0.000681,0.049
0.52,2272,0,60,-60,-60,60,0,0.783,37.35,0.000869,0.058
0.42,3242,90,45,0,0,45,90,1.383,68.91,0.00154,0.108
0.64,2966,45,-45,45,-45,45,-45,0.765,46.22,0.000862,0.069
0.43,5231,0,45,-45,-45,45,0,2.034,110.1,0.002225,0.165
0.52,8939,0,45,-45,-45,45,0,3.008,164.15,0.003328,0.258
0.55,9738,0,15,-15,-15,15,0,3.076,160.23,0.003367,0.24
0.51,8199,0,45,-45,-45,45,0,2.853,136.6,0.003184,0.206
0.49,7733,0,90,90,90,90,0,3.032,131.54,0.003434,0.199
0.49,6888,90,0,45,-45,0,90,2.403,127.63,0.002709,0.199
0.51,2912,0,45,-45,-45,45,0,1.007,50.35,0.001107,0.076
0.46,8118,0,60,-60,-60,60,0,2.965,163.79,0.003301,0.253
0.4,7997,90,0,45,-45,0,90,3.528,173.27,0.003843,0.265
0.47,5521,0,90,90,90,90,0,2.218,99.39,0.002423,0.156
0.44,4167,90,45,0,0,45,90,1.729,83.36,0.00192,0.125
0.56,6910,0,60,-60,-60,60,0,2.107,108.54,0.00232,0.169
0.51,8032,0,30,60,-60,-30,0,2.696,145.05,0.002958,0.221
0.43,1621,0,90,90,90,90,0,0.74,31.72,0.000814,0.049
0.45,7316,0,45,-45,90,-45,45,2.749,155.65,0.003103,0.236
0.54,5924,90,45,0,0,45,90,2.041,95.94,0.002308,0.145
0.56,2859,0,45,-45,-45,45,0,0.896,46.35,0.001004,0.073
0.48,8662,0,30,-30,-30,30,0,3.355,152.4,0.003752,0.231
0.62,7949,0,15,-15,-15,15,0,2.228,112.77,0.002517,0.178
0.52,9273,0,0,90,90,0,0,3.441,144.24,0.003812,0.216
0.49,8618,45,45,-45,-45,45,45,3.195,154.17,0.003488,0.242
0.5,8592,0,60,-60,-60,60,0,2.948,152.68,0.003295,0.235
0.49,4021,45,-45,45,-45,45,-45,1.289,81.79,0.001429,0.125
0.61,7296,0,60,-60,-60,60,0,2.164,105.18,0.002445,0.163
0.53,4800,45,45,-45,-45,45,45,1.603,82.58,0.001802,0.127
0.54,7724,0,60,-60,-60,60,0,2.567,130.2,0.002897,0.204
0.61,9076,0,90,90,90,90,0,2.896,119.27,0.003273,0.185
0.47,3301,0,0,90,90,0,0,1.318,59.32,0.001443,0.089
0.51,7458,45,45,-45,-45,45,45,2.714,126.41,0.003063,0.195
0.55,4354,45,45,-45,-45,45,45,1.452,69.53,0.001615,0.106
0.65,5333,0,45,-45,-45,45,0,1.518,70.75,0.001667,0.108
0.6,5806,0,45,-45,90,-45,45,1.656,91.02,0.001807,0.144
0.61,9877,0,30,60,-60,-30,0,2.903,145.24,0.003237,0.223
0.55,4494,0,90,90,90,90,0,1.59,65.48,0.001762,0.101
0.45,2034,90,0,45,-45,0,90,0.804,40.16,0.000888,0.062
0.63,8536,0,90,90,90,90,0,2.525,112.18,0.002813,0.176
0.47,9084,45,45,-45,-45,45,45,3.452,172.75,0.003902,0.27
0.53,1953,0,45,-45,-45,45,0,0.676,32.3,0.000761,0.049
0.57,1898,0,90,90,90,90,0,0.632,27.15,0.000694,0.041
0.44,9896,0,60,-60,-60,60,0,3.954,211.06,0.004435,0.326
0.56,2339,0,60,-60,-60,60,0,0.721,38.65,0.0008,0.058
0.41,4422,0,30,-30,-30,30,0,1.885,98.73,0.002123,0.152
0.41,4830,0,90,90,90,90,0,2.213,99.02,0.002489,0.156
0.48,4749,0,0,90,90,0,0,1.845,82.87,0.002091,0.129
0.52,7824,0,90,90,90,90,0,2.806,127.66,0.003178,0.197
0.6,5295,0,60,-60,-60,60,0,1.479,83.65,0.001626,0.125
0.45,1254,90,0,45,-45,0,90,0.482,25.17,0.000533,0.038
